{"cameraMode":{"drawMode":0,"name":"Shaded","section":"Shading Mode"},"sceneLighting":false,"audioPlay":false,"sceneViewState":{"m_AlwaysRefresh":false,"showFog":true,"showSkybox":true,"showFlares":true,"showImageEffects":true,"showParticleSystems":true,"showVisualEffectGraphs":true,"m_FxEnabled":true},"in2DMode":false,"pivot":{"x":25.545001983642579,"y":2.6580021381378176,"z":-26.622838973999025},"rotation":{"x":0.12768954038619996,"y":0.7897889614105225,"z":-0.1757727563381195,"w":0.5736656188964844},"size":2.6829047203063967,"orthographic":false}